date,channel,campaign_name,spend,impressions,clicks,conversions,revenue,cpc,ctr,roas,conversion_rate
2025-10-01,Google Ads,Brand Search,146.9,2753,85,3,177.74,1.73,3.09,1.21,3.53
2025-10-01,Meta Ads,Retargeting Warm,98.37,4279,158,6,463.76,0.62,3.69,4.71,3.8
2025-10-01,LinkedIn Ads,Job Targeting,158.45,846,31,2,714.6,5.11,3.66,4.51,6.45
2025-10-01,Email,Promo Blast,5.32,155,44,2,115.38,0.12,28.39,21.68,4.55
2025-10-01,TikTok Ads,Trend Hijack,70.36,4581,70,0,0.0,1.01,1.53,0.0,0.0
2025-10-02,Google Ads,Product Discovery,310.7,8905,234,10,1099.97,1.33,2.63,3.54,4.27
2025-10-02,Meta Ads,Lookalike Audience,244.6,6555,241,7,892.0,1.01,3.68,3.65,2.9
2025-10-02,LinkedIn Ads,Job Targeting,103.88,820,26,1,106.69,4.0,3.17,1.03,3.85
2025-10-02,Email,Newsletter Weekly,39.81,995,205,22,2689.48,0.19,20.6,67.56,10.73
2025-10-02,TikTok Ads,UGC Creative,68.54,1799,70,1,72.39,0.98,3.89,1.06,1.43
2025-10-03,Google Ads,Product Discovery,165.91,4815,102,4,531.45,1.63,2.12,3.2,3.92
2025-10-03,Meta Ads,Lookalike Audience,69.44,1334,53,1,97.02,1.31,3.97,1.4,1.89
2025-10-03,LinkedIn Ads,Lead Gen B2B,157.3,1343,42,2,363.08,3.75,3.13,2.31,4.76
2025-10-03,Email,Promo Blast,35.35,495,125,10,1278.12,0.28,25.25,36.16,8.0
2025-10-03,TikTok Ads,Trend Hijack,101.62,5461,110,0,0.0,0.92,2.01,0.0,0.0
2025-10-04,Meta Ads,Brand Awareness,246.37,4300,154,3,132.82,1.6,3.58,0.54,1.95
2025-10-04,LinkedIn Ads,Job Targeting,49.06,241,8,0,0.0,6.13,3.32,0.0,0.0
2025-10-05,Google Ads,Product Discovery,303.84,20954,293,17,2016.29,1.04,1.4,6.64,5.8
2025-10-05,LinkedIn Ads,Job Targeting,95.85,2602,28,2,659.79,3.42,1.08,6.88,7.14
2025-10-05,Email,Newsletter Weekly,7.04,100,24,1,50.33,0.29,24.0,7.15,4.17
2025-10-05,TikTok Ads,UGC Creative,55.19,1742,56,0,0.0,0.99,3.21,0.0,0.0
2025-10-06,Google Ads,Competitor Keywords,193.91,8819,92,0,0.0,2.11,1.04,0.0,0.0
2025-10-06,Meta Ads,Retargeting Warm,144.83,9293,230,13,1140.41,0.63,2.47,7.87,5.65
2025-10-06,LinkedIn Ads,Thought Leadership,172.37,1290,23,0,0.0,7.49,1.78,0.0,0.0
2025-10-06,Email,Newsletter Weekly,28.94,380,129,14,1895.49,0.22,33.95,65.5,10.85
2025-10-06,TikTok Ads,Trend Hijack,81.6,6086,209,3,390.74,0.39,3.43,4.79,1.44
2025-10-07,Google Ads,Product Discovery,142.65,11901,155,4,201.55,0.92,1.3,1.41,2.58
2025-10-07,Meta Ads,Retargeting Warm,181.14,5911,180,9,851.08,1.01,3.05,4.7,5.0
2025-10-07,LinkedIn Ads,Thought Leadership,124.34,499,16,1,177.56,7.77,3.21,1.43,6.25
2025-10-07,Email,Newsletter Weekly,24.9,388,115,6,405.01,0.22,29.64,16.27,5.22
2025-10-07,TikTok Ads,Product Demo,113.77,5509,126,2,246.0,0.9,2.29,2.16,1.59
2025-10-08,Meta Ads,Lookalike Audience,149.31,7818,148,3,137.65,1.01,1.89,0.92,2.03
2025-10-08,LinkedIn Ads,Job Targeting,43.69,233,9,0,0.0,4.85,3.86,0.0,0.0
2025-10-08,Email,Newsletter Weekly,8.21,141,37,2,288.16,0.22,26.24,35.1,5.41
2025-10-08,TikTok Ads,Product Demo,38.21,5031,59,0,0.0,0.65,1.17,0.0,0.0
2025-10-09,Google Ads,Product Discovery,305.87,4079,125,6,812.13,2.45,3.06,2.66,4.8
2025-10-09,Meta Ads,Lookalike Audience,190.19,9204,319,10,489.48,0.6,3.47,2.57,3.13
2025-10-09,Email,Newsletter Weekly,17.97,200,68,8,982.97,0.26,34.0,54.69,11.76
2025-10-09,TikTok Ads,Product Demo,73.35,4140,129,1,76.33,0.57,3.12,1.04,0.78
2025-10-10,Google Ads,Brand Search,83.63,4448,52,1,52.93,1.61,1.17,0.63,1.92
2025-10-10,Meta Ads,Retargeting Warm,186.21,10451,230,13,1275.57,0.81,2.2,6.85,5.65
2025-10-10,LinkedIn Ads,Thought Leadership,31.82,354,4,0,0.0,7.96,1.13,0.0,0.0
2025-10-10,Email,Newsletter Weekly,13.85,345,57,3,191.55,0.24,16.52,13.83,5.26
2025-10-10,TikTok Ads,UGC Creative,86.48,3267,121,1,70.91,0.71,3.7,0.82,0.83
2025-10-11,Google Ads,Competitor Keywords,225.81,6604,121,4,315.47,1.87,1.83,1.4,3.31
2025-10-11,Meta Ads,Retargeting Warm,244.88,4427,137,8,1036.14,1.79,3.09,4.23,5.84
2025-10-11,LinkedIn Ads,Lead Gen B2B,49.98,366,14,0,0.0,3.57,3.83,0.0,0.0
2025-10-11,Email,Promo Blast,37.65,861,137,7,569.88,0.27,15.91,15.14,5.11
2025-10-11,TikTok Ads,Product Demo,43.54,2800,60,1,132.63,0.73,2.14,3.05,1.67
2025-10-12,Google Ads,Competitor Keywords,91.78,8549,89,2,197.56,1.03,1.04,2.15,2.25
2025-10-12,Meta Ads,Brand Awareness,161.09,2790,107,3,201.62,1.51,3.84,1.25,2.8
2025-10-12,LinkedIn Ads,Thought Leadership,67.72,924,15,1,308.17,4.51,1.62,4.55,6.67
2025-10-12,TikTok Ads,Product Demo,90.44,4100,136,1,133.74,0.67,3.32,1.48,0.74
2025-10-13,Google Ads,Brand Search,108.29,1805,50,2,172.52,2.17,2.77,1.59,4.0
2025-10-13,Meta Ads,Lookalike Audience,190.82,17386,245,4,314.26,0.78,1.41,1.65,1.63
2025-10-13,LinkedIn Ads,Thought Leadership,113.22,1006,32,1,224.0,3.54,3.18,1.98,3.12
2025-10-13,Email,Promo Blast,26.77,288,98,5,709.62,0.27,34.03,26.51,5.1
2025-10-13,TikTok Ads,UGC Creative,118.2,9213,183,2,132.83,0.65,1.99,1.12,1.09
2025-10-14,Email,Promo Blast,29.42,746,216,17,2314.97,0.14,28.95,78.69,7.87
2025-10-14,TikTok Ads,Trend Hijack,84.17,5309,184,2,87.0,0.46,3.47,1.03,1.09
2025-10-15,Google Ads,Brand Search,227.45,9413,197,8,927.55,1.15,2.09,4.08,4.06
2025-10-15,LinkedIn Ads,Lead Gen B2B,133.17,1563,23,1,100.71,5.79,1.47,0.76,4.35
2025-10-15,Email,Newsletter Weekly,25.9,338,87,9,593.76,0.3,25.74,22.92,10.34
2025-10-15,TikTok Ads,Trend Hijack,71.63,7837,87,0,0.0,0.82,1.11,0.0,0.0
2025-10-16,Google Ads,Product Discovery,89.75,1890,39,1,51.54,2.3,2.06,0.57,2.56
2025-10-16,Meta Ads,Lookalike Audience,162.79,8046,102,3,196.96,1.6,1.27,1.21,2.94
2025-10-16,LinkedIn Ads,Lead Gen B2B,131.87,721,18,0,0.0,7.33,2.5,0.0,0.0
2025-10-16,Email,Newsletter Weekly,24.76,643,140,15,1602.47,0.18,21.77,64.73,10.71
2025-10-16,TikTok Ads,Product Demo,118.79,9581,164,1,56.81,0.72,1.71,0.48,0.61
2025-10-17,Google Ads,Competitor Keywords,139.7,7104,108,1,97.7,1.29,1.52,0.7,0.93
2025-10-17,Meta Ads,Brand Awareness,229.32,4877,183,3,441.77,1.25,3.75,1.93,1.64
2025-10-17,LinkedIn Ads,Thought Leadership,130.3,636,17,1,176.99,7.66,2.67,1.36,5.88
2025-10-17,Email,Promo Blast,38.88,842,160,16,1572.52,0.24,19.0,40.45,10.0
2025-10-17,TikTok Ads,Trend Hijack,55.98,5399,79,1,45.7,0.71,1.46,0.82,1.27
2025-10-18,Google Ads,Competitor Keywords,255.55,9157,147,2,110.54,1.74,1.61,0.43,1.36
2025-10-18,Email,Promo Blast,19.41,339,114,12,1753.84,0.17,33.63,90.34,10.53
2025-10-19,Google Ads,Brand Search,145.6,2645,100,5,226.45,1.46,3.78,1.56,5.0
2025-10-19,Meta Ads,Brand Awareness,209.05,18377,274,6,777.62,0.76,1.49,3.72,2.19
2025-10-19,LinkedIn Ads,Thought Leadership,166.18,1302,36,2,448.57,4.62,2.76,2.7,5.56
2025-10-19,Email,Win-Back Series,26.84,542,129,23,1910.45,0.21,23.8,71.17,17.83
2025-10-19,TikTok Ads,UGC Creative,111.58,11179,151,2,218.1,0.74,1.35,1.95,1.32
2025-10-20,Google Ads,Product Discovery,361.16,6791,219,10,1497.46,1.65,3.22,4.15,4.57
2025-10-20,Meta Ads,Retargeting Warm,99.7,6087,67,2,272.89,1.49,1.1,2.74,2.99
2025-10-20,LinkedIn Ads,Thought Leadership,110.47,927,22,1,238.13,5.02,2.37,2.16,4.55
2025-10-20,Email,Newsletter Weekly,13.02,180,53,5,581.67,0.25,29.44,44.66,9.43
2025-10-20,TikTok Ads,Product Demo,83.91,2450,95,1,65.01,0.88,3.88,0.77,1.05
2025-10-21,Google Ads,Competitor Keywords,383.13,13085,361,16,671.87,1.06,2.76,1.75,4.43
2025-10-21,Meta Ads,Retargeting Warm,234.5,11319,165,5,433.27,1.42,1.46,1.85,3.03
2025-10-21,LinkedIn Ads,Lead Gen B2B,168.84,2388,32,2,661.39,5.28,1.34,3.92,6.25
2025-10-21,TikTok Ads,Product Demo,58.03,4462,126,1,121.87,0.46,2.82,2.1,0.79
2025-10-22,Google Ads,Brand Search,81.48,2688,59,2,282.37,1.38,2.19,3.47,3.39
2025-10-22,Meta Ads,Lookalike Audience,146.17,3114,86,1,140.4,1.7,2.76,0.96,1.16
2025-10-22,LinkedIn Ads,Lead Gen B2B,104.76,534,20,1,259.66,5.24,3.75,2.48,5.0
2025-10-22,Email,Promo Blast,28.22,607,208,12,1027.3,0.14,34.27,36.4,5.77
2025-10-23,Google Ads,Brand Search,175.87,6022,132,5,639.88,1.33,2.19,3.64,3.79
2025-10-23,Meta Ads,Lookalike Audience,88.14,6621,160,5,236.14,0.55,2.42,2.68,3.12
2025-10-23,LinkedIn Ads,Job Targeting,109.15,777,19,1,310.47,5.74,2.45,2.84,5.26
2025-10-23,TikTok Ads,Product Demo,115.15,11312,205,3,254.88,0.56,1.81,2.21,1.46
2025-10-24,Meta Ads,Lookalike Audience,223.4,8135,216,5,307.86,1.03,2.66,1.38,2.31
2025-10-24,LinkedIn Ads,Thought Leadership,80.89,354,13,0,0.0,6.22,3.67,0.0,0.0
2025-10-24,Email,Promo Blast,26.11,289,99,11,610.71,0.26,34.26,23.39,11.11
2025-10-24,TikTok Ads,Product Demo,110.67,28491,358,3,128.76,0.31,1.26,1.16,0.84
2025-10-25,Google Ads,Brand Search,214.86,2664,92,3,205.61,2.34,3.45,0.96,3.26
2025-10-25,Meta Ads,Brand Awareness,56.85,1719,35,1,79.9,1.62,2.04,1.41,2.86
2025-10-25,LinkedIn Ads,Job Targeting,172.27,1760,25,1,234.04,6.89,1.42,1.36,4.0
2025-10-25,Email,Newsletter Weekly,21.97,362,108,10,842.81,0.2,29.83,38.37,9.26
2025-10-25,TikTok Ads,Trend Hijack,105.14,4113,106,0,0.0,0.99,2.58,0.0,0.0
2025-10-26,Google Ads,Brand Search,340.82,17144,206,8,757.77,1.65,1.2,2.22,3.88
2025-10-26,Meta Ads,Retargeting Warm,52.2,2054,76,2,212.11,0.69,3.7,4.06,2.63
2025-10-26,LinkedIn Ads,Job Targeting,115.99,722,16,1,216.06,7.25,2.22,1.86,6.25
2025-10-26,Email,Promo Blast,30.83,975,264,17,1407.98,0.12,27.08,45.67,6.44
2025-10-26,TikTok Ads,UGC Creative,94.94,3378,130,1,144.95,0.73,3.85,1.53,0.77
2025-10-27,Meta Ads,Lookalike Audience,56.24,2369,66,1,94.6,0.85,2.79,1.68,1.52
2025-10-27,LinkedIn Ads,Thought Leadership,123.5,1082,22,1,213.52,5.61,2.03,1.73,4.55
2025-10-27,Email,Promo Blast,21.09,1105,183,9,1318.02,0.12,16.56,62.5,4.92
2025-10-28,Meta Ads,Brand Awareness,233.46,8933,344,9,543.28,0.68,3.85,2.33,2.62
2025-10-28,LinkedIn Ads,Job Targeting,139.83,638,19,1,333.53,7.36,2.98,2.39,5.26
2025-10-28,Email,Newsletter Weekly,27.63,717,115,11,493.44,0.24,16.04,17.86,9.57
2025-10-28,TikTok Ads,UGC Creative,46.25,1761,66,0,0.0,0.7,3.75,0.0,0.0
2025-10-29,Google Ads,Competitor Keywords,214.96,3060,99,3,292.4,2.17,3.24,1.36,3.03
2025-10-29,Meta Ads,Lookalike Audience,169.25,15495,211,4,466.37,0.8,1.36,2.76,1.9
2025-10-29,LinkedIn Ads,Job Targeting,90.67,439,15,0,0.0,6.04,3.42,0.0,0.0
2025-10-29,Email,Newsletter Weekly,36.01,818,161,8,1085.69,0.22,19.68,30.15,4.97
2025-10-30,Google Ads,Brand Search,202.87,7024,85,2,91.59,2.39,1.21,0.45,2.35
2025-10-30,Email,Win-Back Series,18.94,736,160,13,524.79,0.12,21.74,27.71,8.12
2025-10-30,TikTok Ads,Trend Hijack,106.75,4806,133,1,44.96,0.8,2.77,0.42,0.75
2025-10-31,Meta Ads,Brand Awareness,239.99,12379,157,4,546.81,1.53,1.27,2.28,2.55
2025-10-31,LinkedIn Ads,Job Targeting,165.56,619,20,0,0.0,8.28,3.23,0.0,0.0
2025-10-31,Email,Promo Blast,26.27,657,129,8,514.03,0.2,19.63,19.57,6.2
2025-10-31,TikTok Ads,Product Demo,104.36,4187,121,1,97.01,0.86,2.89,0.93,0.83
2025-11-01,Google Ads,Brand Search,135.65,2809,92,4,227.71,1.47,3.28,1.68,4.35
2025-11-01,Meta Ads,Lookalike Audience,174.59,10682,118,4,538.46,1.48,1.1,3.08,3.39
2025-11-01,LinkedIn Ads,Job Targeting,70.94,1147,13,0,0.0,5.46,1.13,0.0,0.0
2025-11-01,Email,Newsletter Weekly,24.28,889,206,15,1028.59,0.12,23.17,42.36,7.28
2025-11-01,TikTok Ads,Trend Hijack,77.93,6022,80,1,46.77,0.97,1.33,0.6,1.25
2025-11-02,Google Ads,Competitor Keywords,269.57,5970,122,6,416.24,2.21,2.04,1.54,4.92
2025-11-02,Meta Ads,Brand Awareness,223.63,18545,273,6,460.45,0.82,1.47,2.06,2.2
2025-11-02,LinkedIn Ads,Lead Gen B2B,132.02,644,21,0,0.0,6.29,3.26,0.0,0.0
2025-11-02,Email,Win-Back Series,35.77,1127,354,23,922.83,0.1,31.41,25.8,6.5
2025-11-02,TikTok Ads,UGC Creative,75.67,13325,248,3,443.79,0.31,1.86,5.86,1.21
2025-11-03,Google Ads,Product Discovery,200.54,7089,245,8,569.34,0.82,3.46,2.84,3.27
2025-11-03,LinkedIn Ads,Thought Leadership,81.28,342,13,0,0.0,6.25,3.8,0.0,0.0
2025-11-03,Email,Promo Blast,38.16,940,286,28,2578.61,0.13,30.43,67.58,9.79
2025-11-04,Meta Ads,Lookalike Audience,244.7,4278,139,3,370.23,1.76,3.25,1.51,2.16
2025-11-04,TikTok Ads,Product Demo,103.69,21633,217,2,183.08,0.48,1.0,1.77,0.92
2025-11-05,Google Ads,Product Discovery,224.44,6145,208,10,642.85,1.08,3.38,2.86,4.81
2025-11-05,LinkedIn Ads,Thought Leadership,49.7,154,6,0,0.0,8.28,3.9,0.0,0.0
2025-11-05,Email,Newsletter Weekly,27.35,742,152,18,1530.48,0.18,20.49,55.96,11.84
2025-11-05,TikTok Ads,Product Demo,97.13,6103,220,3,305.71,0.44,3.6,3.15,1.36
2025-11-06,Google Ads,Product Discovery,389.82,9678,349,18,2246.43,1.12,3.61,5.76,5.16
2025-11-06,Meta Ads,Brand Awareness,175.24,23779,261,10,1078.32,0.67,1.1,6.15,3.83
2025-11-06,LinkedIn Ads,Lead Gen B2B,30.18,177,5,0,0.0,6.04,2.82,0.0,0.0
2025-11-06,Email,Win-Back Series,27.8,626,168,13,733.9,0.17,26.84,26.4,7.74
2025-11-06,TikTok Ads,Trend Hijack,65.32,3642,102,1,134.61,0.64,2.8,2.06,0.98
2025-11-07,Google Ads,Product Discovery,233.76,13788,238,14,779.44,0.98,1.73,3.33,5.88
2025-11-07,Meta Ads,Lookalike Audience,92.07,2885,96,3,143.9,0.96,3.33,1.56,3.12
2025-11-07,LinkedIn Ads,Lead Gen B2B,82.59,2104,26,1,136.5,3.18,1.24,1.65,3.85
2025-11-07,Email,Promo Blast,29.26,695,110,10,1446.7,0.27,15.83,49.44,9.09
2025-11-08,Google Ads,Brand Search,379.59,16273,427,21,2851.94,0.89,2.62,7.51,4.92
2025-11-08,Meta Ads,Lookalike Audience,206.68,6481,159,5,504.15,1.3,2.45,2.44,3.14
2025-11-08,LinkedIn Ads,Thought Leadership,97.85,581,15,1,122.45,6.52,2.58,1.25,6.67
2025-11-08,TikTok Ads,UGC Creative,73.14,5032,100,1,121.87,0.73,1.99,1.67,1.0
2025-11-09,Google Ads,Brand Search,290.79,6601,176,9,586.17,1.65,2.67,2.02,5.11
2025-11-09,Meta Ads,Retargeting Warm,148.66,11087,245,5,311.97,0.61,2.21,2.1,2.04
2025-11-09,LinkedIn Ads,Lead Gen B2B,160.24,743,24,1,195.13,6.68,3.23,1.22,4.17
2025-11-09,Email,Promo Blast,35.35,685,163,16,1496.54,0.22,23.8,42.34,9.82
2025-11-09,TikTok Ads,Trend Hijack,101.37,3344,133,1,82.22,0.76,3.98,0.81,0.75
2025-11-10,Google Ads,Brand Search,314.6,9753,307,17,1016.01,1.02,3.15,3.23,5.54
2025-11-10,Meta Ads,Lookalike Audience,152.52,12174,147,4,202.85,1.04,1.21,1.33,2.72
2025-11-10,LinkedIn Ads,Thought Leadership,107.22,791,22,1,207.55,4.87,2.78,1.94,4.55
2025-11-10,Email,Promo Blast,35.03,1285,344,31,2592.61,0.1,26.77,74.01,9.01
2025-11-10,TikTok Ads,Product Demo,51.24,9607,145,2,154.14,0.35,1.51,3.01,1.38
2025-11-11,Google Ads,Brand Search,223.82,3224,124,4,318.07,1.8,3.85,1.42,3.23
2025-11-11,Meta Ads,Brand Awareness,197.28,5940,144,5,643.12,1.37,2.42,3.26,3.47
2025-11-11,LinkedIn Ads,Job Targeting,113.72,1723,19,1,133.82,5.99,1.1,1.18,5.26
2025-11-11,Email,Promo Blast,6.38,212,51,5,373.89,0.13,24.06,58.63,9.8
2025-11-11,TikTok Ads,Trend Hijack,91.94,6517,159,0,0.0,0.58,2.44,0.0,0.0
2025-11-12,Google Ads,Product Discovery,225.52,5432,134,6,332.17,1.68,2.47,1.47,4.48
2025-11-12,LinkedIn Ads,Thought Leadership,60.28,230,9,0,0.0,6.7,3.91,0.0,0.0
2025-11-12,Email,Newsletter Weekly,38.72,906,256,30,2435.18,0.15,28.26,62.9,11.72
2025-11-13,Google Ads,Competitor Keywords,358.05,18512,202,11,1258.58,1.77,1.09,3.52,5.45
2025-11-13,Meta Ads,Lookalike Audience,128.77,7198,95,3,449.81,1.36,1.32,3.49,3.16
2025-11-13,Email,Newsletter Weekly,39.77,939,158,11,572.02,0.25,16.83,14.38,6.96
2025-11-13,TikTok Ads,Trend Hijack,59.43,2249,77,1,87.91,0.77,3.42,1.48,1.3
2025-11-14,Google Ads,Competitor Keywords,254.24,15858,313,12,1398.02,0.81,1.97,5.5,3.83
2025-11-14,Meta Ads,Retargeting Warm,169.3,5957,139,2,117.06,1.22,2.33,0.69,1.44
2025-11-14,LinkedIn Ads,Thought Leadership,99.52,557,20,1,231.78,4.98,3.59,2.33,5.0
2025-11-14,TikTok Ads,UGC Creative,65.89,3575,93,1,124.14,0.71,2.6,1.88,1.08
2025-11-15,Google Ads,Competitor Keywords,308.96,5278,183,7,334.89,1.69,3.47,1.08,3.83
2025-11-15,Meta Ads,Brand Awareness,126.01,6810,166,3,174.89,0.76,2.44,1.39,1.81
2025-11-15,LinkedIn Ads,Lead Gen B2B,72.73,469,16,0,0.0,4.55,3.41,0.0,0.0
2025-11-15,Email,Promo Blast,19.0,203,64,5,267.77,0.3,31.53,14.1,7.81
2025-11-15,TikTok Ads,Product Demo,77.26,7344,97,1,68.22,0.8,1.32,0.88,1.03
2025-11-16,Google Ads,Competitor Keywords,337.92,17164,194,9,955.6,1.74,1.13,2.83,4.64
2025-11-16,Meta Ads,Lookalike Audience,168.71,3741,110,2,159.37,1.53,2.94,0.94,1.82
2025-11-16,LinkedIn Ads,Lead Gen B2B,65.53,493,9,0,0.0,7.28,1.83,0.0,0.0
2025-11-16,Email,Promo Blast,31.83,1039,244,14,922.26,0.13,23.48,28.97,5.74
2025-11-16,TikTok Ads,UGC Creative,49.51,12512,134,2,213.56,0.37,1.07,4.31,1.49
2025-11-17,Google Ads,Competitor Keywords,162.2,7316,86,0,0.0,1.89,1.18,0.0,0.0
2025-11-17,Meta Ads,Lookalike Audience,135.64,3054,94,3,162.37,1.44,3.08,1.2,3.19
2025-11-17,Email,Promo Blast,36.69,709,144,13,1371.92,0.25,20.31,37.39,9.03
2025-11-17,TikTok Ads,UGC Creative,50.4,7531,91,1,47.44,0.55,1.21,0.94,1.1
2025-11-18,Google Ads,Product Discovery,284.85,8098,225,11,719.3,1.27,2.78,2.53,4.89
2025-11-18,Meta Ads,Lookalike Audience,183.9,3416,102,3,361.11,1.8,2.99,1.96,2.94
2025-11-18,LinkedIn Ads,Thought Leadership,114.34,917,14,0,0.0,8.17,1.53,0.0,0.0
2025-11-18,Email,Promo Blast,19.79,492,74,5,739.68,0.27,15.04,37.37,6.76
2025-11-18,TikTok Ads,Trend Hijack,51.12,6038,88,1,99.4,0.58,1.46,1.94,1.14
2025-11-19,Google Ads,Brand Search,109.74,2616,88,4,427.73,1.25,3.36,3.9,4.55
2025-11-19,Meta Ads,Lookalike Audience,62.62,5647,95,2,163.8,0.66,1.68,2.62,2.11
2025-11-19,LinkedIn Ads,Lead Gen B2B,113.07,1095,24,1,265.16,4.71,2.19,2.35,4.17
2025-11-19,Email,Win-Back Series,32.52,573,151,11,920.59,0.22,26.35,28.31,7.28
2025-11-19,TikTok Ads,UGC Creative,64.26,1942,70,1,126.9,0.92,3.6,1.97,1.43
2025-11-20,Google Ads,Brand Search,183.21,14917,218,8,1162.44,0.84,1.46,6.34,3.67
2025-11-20,Meta Ads,Lookalike Audience,214.5,8895,319,12,1122.92,0.67,3.59,5.24,3.76
2025-11-20,LinkedIn Ads,Thought Leadership,154.4,855,33,2,566.47,4.68,3.86,3.67,6.06
2025-11-20,TikTok Ads,UGC Creative,50.93,4294,143,1,105.37,0.36,3.33,2.07,0.7
2025-11-21,Google Ads,Competitor Keywords,168.88,7492,75,2,160.26,2.25,1.0,0.95,2.67
2025-11-21,Meta Ads,Retargeting Warm,206.15,15921,187,14,1630.35,1.1,1.17,7.91,7.49
2025-11-21,LinkedIn Ads,Job Targeting,55.6,477,16,0,0.0,3.47,3.35,0.0,0.0
2025-11-21,Email,Newsletter Weekly,22.83,242,76,7,515.82,0.3,31.4,22.59,9.21
2025-11-21,TikTok Ads,Trend Hijack,68.35,4754,174,0,0.0,0.39,3.66,0.0,0.0
2025-11-22,Google Ads,Competitor Keywords,136.6,2389,93,1,86.04,1.47,3.89,0.63,1.08
2025-11-22,Meta Ads,Retargeting Warm,202.06,11397,297,14,931.45,0.68,2.61,4.61,4.71
2025-11-22,LinkedIn Ads,Thought Leadership,39.69,567,12,0,0.0,3.31,2.12,0.0,0.0
2025-11-22,Email,Win-Back Series,10.22,250,81,5,645.88,0.13,32.4,63.18,6.17
2025-11-22,TikTok Ads,UGC Creative,71.35,2257,83,1,126.56,0.86,3.68,1.77,1.2
2025-11-23,Google Ads,Brand Search,338.84,19803,364,21,1424.56,0.93,1.84,4.2,5.77
2025-11-23,Meta Ads,Brand Awareness,149.09,6296,148,3,413.5,1.01,2.35,2.77,2.03
2025-11-23,LinkedIn Ads,Lead Gen B2B,52.53,275,7,0,0.0,7.5,2.55,0.0,0.0
2025-11-23,TikTok Ads,UGC Creative,102.19,24667,273,3,247.91,0.37,1.11,2.43,1.1
2025-11-24,Google Ads,Product Discovery,390.64,4833,162,6,512.01,2.41,3.35,1.31,3.7
2025-11-24,Meta Ads,Lookalike Audience,202.87,22581,240,5,732.32,0.85,1.06,3.61,2.08
2025-11-24,LinkedIn Ads,Lead Gen B2B,176.4,2618,27,1,171.7,6.53,1.03,0.97,3.7
2025-11-24,TikTok Ads,Product Demo,33.78,1001,34,0,0.0,0.99,3.4,0.0,0.0
2025-11-25,Google Ads,Brand Search,374.5,7790,222,7,313.68,1.69,2.85,0.84,3.15
2025-11-25,LinkedIn Ads,Lead Gen B2B,85.83,690,16,1,359.35,5.36,2.32,4.19,6.25
2025-11-25,Email,Newsletter Weekly,28.66,937,143,17,1935.62,0.2,15.26,67.54,11.89
2025-11-25,TikTok Ads,Product Demo,106.19,6375,112,1,90.66,0.95,1.76,0.85,0.89
2025-11-26,Google Ads,Competitor Keywords,328.46,11159,171,7,1001.79,1.92,1.53,3.05,4.09
2025-11-26,LinkedIn Ads,Lead Gen B2B,132.79,975,38,2,282.87,3.49,3.9,2.13,5.26
2025-11-26,Email,Promo Blast,23.98,433,109,7,715.07,0.22,25.17,29.82,6.42
2025-11-26,TikTok Ads,Product Demo,81.95,3867,89,0,0.0,0.92,2.3,0.0,0.0
2025-11-27,Google Ads,Brand Search,362.06,17953,284,16,1797.31,1.27,1.58,4.96,5.63
2025-11-27,Meta Ads,Retargeting Warm,196.61,9654,151,4,403.86,1.3,1.56,2.05,2.65
2025-11-27,Email,Promo Blast,34.14,1113,334,34,3897.14,0.1,30.01,114.14,10.18
2025-11-27,TikTok Ads,Product Demo,57.5,1554,62,0,0.0,0.93,3.99,0.0,0.0
2025-11-28,Google Ads,Competitor Keywords,269.77,8222,184,2,216.31,1.47,2.24,0.8,1.09
2025-11-28,Meta Ads,Retargeting Warm,127.53,3422,124,3,154.37,1.03,3.62,1.21,2.42
2025-11-28,LinkedIn Ads,Thought Leadership,102.99,605,17,0,0.0,6.06,2.81,0.0,0.0
2025-11-28,Email,Win-Back Series,7.05,136,42,4,387.6,0.17,30.88,54.98,9.52
2025-11-28,TikTok Ads,Trend Hijack,59.54,7742,98,1,120.92,0.61,1.27,2.03,1.02
2025-11-29,Google Ads,Competitor Keywords,285.62,6463,188,3,255.27,1.52,2.91,0.89,1.6
2025-11-29,Meta Ads,Brand Awareness,198.0,7085,114,3,443.28,1.74,1.61,2.24,2.63
2025-11-29,LinkedIn Ads,Job Targeting,33.63,219,4,0,0.0,8.41,1.83,0.0,0.0
2025-11-29,Email,Promo Blast,34.85,1064,240,19,1765.09,0.15,22.56,50.65,7.92
2025-11-29,TikTok Ads,UGC Creative,93.54,10961,126,2,280.07,0.74,1.15,2.99,1.59
2025-11-30,Google Ads,Competitor Keywords,98.33,5953,83,3,275.78,1.18,1.39,2.8,3.61
2025-11-30,LinkedIn Ads,Thought Leadership,72.33,919,16,1,168.63,4.52,1.74,2.33,6.25
2025-11-30,Email,Promo Blast,20.01,363,74,4,535.36,0.27,20.39,26.75,5.41
2025-12-01,Google Ads,Product Discovery,186.84,4880,109,4,555.93,1.71,2.23,2.98,3.67
2025-12-01,LinkedIn Ads,Job Targeting,243.48,1406,49,3,815.15,4.97,3.49,3.35,6.12
2025-12-01,Email,Newsletter Weekly,20.97,474,90,8,728.26,0.23,18.99,34.73,8.89
2025-12-01,TikTok Ads,UGC Creative,69.71,6961,220,2,99.54,0.32,3.16,1.43,0.91
2025-12-02,Google Ads,Brand Search,371.23,10417,373,19,901.43,1.0,3.58,2.43,5.09
2025-12-02,Meta Ads,Retargeting Warm,258.87,9207,326,18,2035.09,0.79,3.54,7.86,5.52
2025-12-02,LinkedIn Ads,Thought Leadership,149.02,982,29,1,117.13,5.14,2.95,0.79,3.45
2025-12-02,Email,Win-Back Series,31.61,930,286,36,2092.24,0.11,30.75,66.19,12.59
2025-12-02,TikTok Ads,Trend Hijack,146.8,34016,469,2,136.21,0.31,1.38,0.93,0.43
2025-12-03,Google Ads,Competitor Keywords,480.35,10310,274,8,568.54,1.75,2.66,1.18,2.92
2025-12-03,Meta Ads,Brand Awareness,106.64,2250,78,2,250.63,1.37,3.47,2.35,2.56
2025-12-03,LinkedIn Ads,Thought Leadership,66.16,397,13,0,0.0,5.09,3.27,0.0,0.0
2025-12-03,Email,Win-Back Series,55.54,1475,268,26,1945.94,0.21,18.17,35.04,9.7
2025-12-03,TikTok Ads,Product Demo,166.12,15746,397,6,262.03,0.42,2.52,1.58,1.51
2025-12-04,Google Ads,Product Discovery,270.32,3202,125,6,317.65,2.16,3.9,1.18,4.8
2025-12-04,Meta Ads,Brand Awareness,365.14,8855,350,11,1207.95,1.04,3.95,3.31,3.14
2025-12-04,LinkedIn Ads,Thought Leadership,265.45,3022,42,2,251.17,6.32,1.39,0.95,4.76
2025-12-04,TikTok Ads,Trend Hijack,55.72,4352,68,1,99.49,0.82,1.56,1.79,1.47
2025-12-05,Google Ads,Brand Search,346.16,6602,157,6,566.18,2.2,2.38,1.64,3.82
2025-12-05,Meta Ads,Lookalike Audience,127.13,2558,89,1,66.39,1.43,3.48,0.52,1.12
2025-12-05,Email,Win-Back Series,17.54,328,78,7,900.77,0.22,23.78,51.35,8.97
2025-12-05,TikTok Ads,Product Demo,130.61,11094,336,3,346.49,0.39,3.03,2.65,0.89
2025-12-06,Meta Ads,Retargeting Warm,271.58,12397,151,6,811.82,1.8,1.22,2.99,3.97
2025-12-06,LinkedIn Ads,Job Targeting,92.84,1516,29,1,358.03,3.2,1.91,3.86,3.45
2025-12-06,Email,Win-Back Series,49.89,1352,446,42,1680.87,0.11,32.99,33.69,9.42
2025-12-06,TikTok Ads,Trend Hijack,105.35,4702,169,2,294.9,0.62,3.59,2.8,1.18
2025-12-07,Meta Ads,Retargeting Warm,201.43,9644,376,8,1176.04,0.54,3.9,5.84,2.13
2025-12-07,LinkedIn Ads,Job Targeting,226.1,1877,73,5,919.03,3.1,3.89,4.06,6.85
2025-12-07,Email,Win-Back Series,53.32,1496,435,76,5062.23,0.12,29.08,94.94,17.47
2025-12-08,Google Ads,Brand Search,515.78,33113,556,28,2964.33,0.93,1.68,5.75,5.04
2025-12-08,LinkedIn Ads,Thought Leadership,195.26,870,32,1,121.72,6.1,3.68,0.62,3.12
2025-12-08,Email,Newsletter Weekly,22.48,589,120,12,1236.82,0.19,20.37,55.02,10.0
2025-12-08,TikTok Ads,UGC Creative,125.86,25749,330,6,681.67,0.38,1.28,5.42,1.82
2025-12-09,Google Ads,Brand Search,132.07,5294,66,3,273.26,2.0,1.25,2.07,4.55
2025-12-09,LinkedIn Ads,Lead Gen B2B,83.38,428,10,0,0.0,8.34,2.34,0.0,0.0
2025-12-09,Email,Promo Blast,48.8,814,165,11,1012.21,0.3,20.27,20.74,6.67
2025-12-09,TikTok Ads,Product Demo,99.94,10706,108,0,0.0,0.93,1.01,0.0,0.0
2025-12-10,Google Ads,Product Discovery,252.87,5165,103,4,246.28,2.46,1.99,0.97,3.88
2025-12-10,Meta Ads,Retargeting Warm,217.29,6549,171,12,1579.98,1.27,2.61,7.27,7.02
2025-12-10,LinkedIn Ads,Lead Gen B2B,121.24,625,17,1,180.71,7.13,2.72,1.49,5.88
2025-12-10,Email,Newsletter Weekly,50.38,1023,321,27,3693.19,0.16,31.38,73.31,8.41
2025-12-10,TikTok Ads,Product Demo,111.63,3544,141,1,70.22,0.79,3.98,0.63,0.71
2025-12-11,Google Ads,Product Discovery,317.29,4296,135,6,444.19,2.35,3.14,1.4,4.44
2025-12-11,Meta Ads,Brand Awareness,361.21,6994,251,5,594.66,1.44,3.59,1.65,1.99
2025-12-11,LinkedIn Ads,Lead Gen B2B,180.85,2084,28,1,225.47,6.46,1.34,1.25,3.57
2025-12-11,Email,Win-Back Series,38.81,557,184,28,3429.54,0.21,33.03,88.37,15.22
2025-12-11,TikTok Ads,UGC Creative,136.62,8845,246,1,109.97,0.56,2.78,0.8,0.41
2025-12-12,Google Ads,Brand Search,194.07,6074,177,9,884.69,1.1,2.91,4.56,5.08
2025-12-12,Meta Ads,Lookalike Audience,117.64,10061,228,5,467.3,0.52,2.27,3.97,2.19
2025-12-12,LinkedIn Ads,Thought Leadership,249.78,2123,35,2,649.2,7.14,1.65,2.6,5.71
2025-12-12,TikTok Ads,Product Demo,103.04,7283,133,1,126.79,0.77,1.83,1.23,0.75
2025-12-13,Google Ads,Competitor Keywords,304.44,7085,194,3,413.59,1.57,2.74,1.36,1.55
2025-12-13,LinkedIn Ads,Thought Leadership,203.76,1459,31,1,218.4,6.57,2.12,1.07,3.23
2025-12-13,TikTok Ads,UGC Creative,172.8,12579,321,4,162.95,0.54,2.55,0.94,1.25
2025-12-14,Google Ads,Product Discovery,316.62,7851,238,11,881.16,1.33,3.03,2.78,4.62
2025-12-14,Meta Ads,Lookalike Audience,211.2,10621,151,4,172.12,1.4,1.42,0.81,2.65
2025-12-14,LinkedIn Ads,Job Targeting,75.55,1291,21,1,213.89,3.6,1.63,2.83,4.76
2025-12-14,Email,Promo Blast,47.2,1183,246,27,1424.93,0.19,20.79,30.19,10.98
2025-12-14,TikTok Ads,UGC Creative,108.99,4467,178,2,99.4,0.61,3.98,0.91,1.12
2025-12-15,Google Ads,Competitor Keywords,306.95,10390,210,2,201.82,1.46,2.02,0.66,0.95
2025-12-15,Meta Ads,Lookalike Audience,149.07,4495,93,3,353.97,1.6,2.07,2.37,3.23
2025-12-15,LinkedIn Ads,Lead Gen B2B,122.05,718,28,1,195.5,4.36,3.9,1.6,3.57
2025-12-15,Email,Newsletter Weekly,30.81,548,136,10,1493.23,0.23,24.82,48.46,7.35
2025-12-15,TikTok Ads,Trend Hijack,121.87,10287,165,0,0.0,0.74,1.6,0.0,0.0
2025-12-16,Google Ads,Product Discovery,183.54,3610,101,4,361.73,1.82,2.8,1.97,3.96
2025-12-16,LinkedIn Ads,Job Targeting,73.08,547,10,0,0.0,7.31,1.83,0.0,0.0
2025-12-16,TikTok Ads,Trend Hijack,124.48,11898,221,2,165.04,0.56,1.86,1.33,0.9
2025-12-17,Google Ads,Brand Search,293.89,3909,144,6,532.68,2.04,3.68,1.81,4.17
2025-12-17,Meta Ads,Brand Awareness,247.06,8804,141,3,401.81,1.75,1.6,1.63,2.13
2025-12-17,LinkedIn Ads,Lead Gen B2B,112.15,1343,26,1,108.47,4.31,1.94,0.97,3.85
2025-12-17,Email,Newsletter Weekly,56.14,2200,540,52,6213.88,0.1,24.55,110.7,9.63
2025-12-17,TikTok Ads,Trend Hijack,130.39,5000,173,2,196.29,0.75,3.46,1.51,1.16
2025-12-18,Google Ads,Product Discovery,598.95,8808,307,11,457.32,1.95,3.49,0.76,3.58
2025-12-18,Meta Ads,Retargeting Warm,264.87,44149,449,17,2193.17,0.59,1.02,8.28,3.79
2025-12-18,LinkedIn Ads,Job Targeting,183.06,2151,53,2,424.15,3.45,2.46,2.32,3.77
2025-12-18,Email,Promo Blast,23.57,405,112,10,1167.53,0.21,27.65,49.53,8.93
2025-12-19,Meta Ads,Lookalike Audience,98.06,2512,85,2,91.05,1.15,3.38,0.93,2.35
2025-12-19,Email,Win-Back Series,18.58,295,68,9,623.51,0.27,23.05,33.55,13.24
2025-12-20,Google Ads,Product Discovery,228.49,3048,120,5,396.8,1.9,3.94,1.74,4.17
2025-12-20,Meta Ads,Lookalike Audience,131.35,2527,91,2,260.72,1.44,3.6,1.98,2.2
2025-12-20,LinkedIn Ads,Thought Leadership,99.43,432,15,1,251.94,6.63,3.47,2.53,6.67
2025-12-20,Email,Newsletter Weekly,55.63,985,227,13,1781.25,0.25,23.05,32.02,5.73
2025-12-20,TikTok Ads,Product Demo,52.33,3226,63,0,0.0,0.83,1.95,0.0,0.0
2025-12-21,Meta Ads,Lookalike Audience,343.72,11370,273,7,1004.15,1.26,2.4,2.92,2.56
2025-12-21,Email,Newsletter Weekly,26.41,536,171,12,1521.39,0.15,31.9,57.6,7.02
2025-12-21,TikTok Ads,UGC Creative,102.02,4725,180,2,105.52,0.57,3.81,1.03,1.11
2025-12-22,Meta Ads,Brand Awareness,328.27,16791,238,5,681.53,1.38,1.42,2.08,2.1
2025-12-22,LinkedIn Ads,Job Targeting,258.92,2058,39,1,315.0,6.64,1.9,1.22,2.56
2025-12-22,Email,Promo Blast,13.0,286,65,7,646.5,0.2,22.73,49.72,10.77
2025-12-23,Google Ads,Product Discovery,297.51,10112,334,14,1826.16,0.89,3.3,6.14,4.19
2025-12-23,Meta Ads,Retargeting Warm,272.21,6702,244,5,534.26,1.12,3.64,1.96,2.05
2025-12-23,LinkedIn Ads,Job Targeting,73.29,254,10,0,0.0,7.33,3.94,0.0,0.0
2025-12-23,Email,Newsletter Weekly,54.24,1538,344,18,940.79,0.16,22.37,17.35,5.23
2025-12-23,TikTok Ads,Product Demo,157.79,23768,508,6,252.76,0.31,2.14,1.6,1.18
2025-12-24,Meta Ads,Retargeting Warm,295.86,8552,318,8,1092.33,0.93,3.72,3.69,2.52
2025-12-24,Email,Newsletter Weekly,23.87,305,93,8,1178.89,0.26,30.49,49.38,8.6
2025-12-25,Meta Ads,Lookalike Audience,185.32,10882,251,6,465.59,0.74,2.31,2.51,2.39
2025-12-25,LinkedIn Ads,Job Targeting,123.32,2489,25,1,277.78,4.93,1.0,2.25,4.0
2025-12-25,Email,Win-Back Series,42.97,648,205,37,2322.88,0.21,31.64,54.06,18.05
2025-12-25,TikTok Ads,Product Demo,140.87,5231,147,2,93.14,0.96,2.81,0.66,1.36
2025-12-26,Google Ads,Competitor Keywords,595.3,19018,493,24,2441.81,1.21,2.59,4.1,4.87
2025-12-26,Meta Ads,Retargeting Warm,142.61,13217,188,6,621.68,0.76,1.42,4.36,3.19
2025-12-26,Email,Win-Back Series,16.1,224,70,16,1915.97,0.23,31.25,118.98,22.86
2025-12-26,TikTok Ads,Product Demo,140.54,28365,409,3,328.2,0.34,1.44,2.34,0.73
2025-12-27,Google Ads,Competitor Keywords,319.51,7401,243,9,1312.69,1.31,3.28,4.11,3.7
2025-12-27,Meta Ads,Lookalike Audience,317.09,10910,288,8,358.63,1.1,2.64,1.13,2.78
2025-12-27,LinkedIn Ads,Lead Gen B2B,153.3,661,20,0,0.0,7.67,3.03,0.0,0.0
2025-12-27,Email,Win-Back Series,20.2,364,69,8,946.32,0.29,18.96,46.84,11.59
2025-12-27,TikTok Ads,UGC Creative,74.58,3193,120,1,63.54,0.62,3.76,0.85,0.83
2025-12-28,LinkedIn Ads,Lead Gen B2B,249.28,824,32,1,368.76,7.79,3.88,1.48,3.12
2025-12-28,Email,Newsletter Weekly,52.35,966,205,13,1175.28,0.26,21.22,22.45,6.34
2025-12-28,TikTok Ads,Trend Hijack,149.17,22097,229,1,141.88,0.65,1.04,0.95,0.44
2025-12-29,Google Ads,Product Discovery,142.11,4238,65,2,257.82,2.19,1.53,1.81,3.08
2025-12-29,Meta Ads,Brand Awareness,83.75,2477,74,1,71.78,1.13,2.99,0.86,1.35
2025-12-29,LinkedIn Ads,Job Targeting,259.84,1851,47,2,549.49,5.53,2.54,2.11,4.26
2025-12-30,Meta Ads,Lookalike Audience,182.14,6788,119,3,238.33,1.53,1.75,1.31,2.52
2025-12-30,LinkedIn Ads,Thought Leadership,248.0,841,33,1,330.95,7.52,3.92,1.33,3.03
2025-12-30,Email,Newsletter Weekly,9.39,213,69,4,578.2,0.14,32.39,61.57,5.8
2025-12-30,TikTok Ads,Product Demo,121.05,10207,202,3,167.46,0.6,1.98,1.38,1.49
2025-12-31,Google Ads,Product Discovery,574.3,10937,247,13,1201.16,2.33,2.26,2.09,5.26
2025-12-31,Meta Ads,Retargeting Warm,252.34,17045,340,25,1195.69,0.74,1.99,4.74,7.35
2025-12-31,Email,Newsletter Weekly,31.65,840,265,14,1679.19,0.12,31.55,53.05,5.28
2025-12-31,TikTok Ads,Trend Hijack,156.35,9874,236,0,0.0,0.66,2.39,0.0,0.0
2026-01-01,Google Ads,Brand Search,227.48,12623,284,12,552.12,0.8,2.25,2.43,4.23
2026-01-01,Meta Ads,Brand Awareness,63.5,5319,123,4,182.84,0.52,2.31,2.88,3.25
2026-01-01,LinkedIn Ads,Thought Leadership,97.83,667,15,1,267.65,6.52,2.25,2.74,6.67
2026-01-01,Email,Newsletter Weekly,20.96,423,79,6,835.28,0.27,18.68,39.85,7.59
2026-01-01,TikTok Ads,Product Demo,34.89,1560,41,0,0.0,0.85,2.63,0.0,0.0
2026-01-02,Google Ads,Competitor Keywords,214.89,5924,198,9,402.0,1.09,3.34,1.87,4.55
2026-01-02,Meta Ads,Brand Awareness,135.02,6883,90,2,191.96,1.5,1.31,1.42,2.22
2026-01-02,LinkedIn Ads,Lead Gen B2B,68.13,1103,17,0,0.0,4.01,1.54,0.0,0.0
2026-01-03,Google Ads,Brand Search,117.39,3405,54,2,153.83,2.17,1.59,1.31,3.7
2026-01-03,Meta Ads,Brand Awareness,51.64,1128,34,0,0.0,1.52,3.01,0.0,0.0
2026-01-03,LinkedIn Ads,Thought Leadership,38.12,156,5,0,0.0,7.62,3.21,0.0,0.0
2026-01-03,Email,Promo Blast,20.74,294,70,4,470.14,0.3,23.81,22.67,5.71
2026-01-03,TikTok Ads,UGC Creative,54.66,3495,80,0,0.0,0.68,2.29,0.0,0.0
2026-01-04,Meta Ads,Lookalike Audience,112.38,7884,110,4,229.2,1.02,1.4,2.04,3.64
2026-01-04,LinkedIn Ads,Job Targeting,54.24,279,7,0,0.0,7.75,2.51,0.0,0.0
2026-01-04,Email,Promo Blast,23.9,557,85,8,365.62,0.28,15.26,15.3,9.41
2026-01-04,TikTok Ads,Trend Hijack,45.61,4698,105,2,273.16,0.43,2.23,5.99,1.9
2026-01-05,Google Ads,Product Discovery,135.71,7148,143,7,335.53,0.95,2.0,2.47,4.9
2026-01-05,Meta Ads,Brand Awareness,167.22,4146,125,4,247.56,1.34,3.01,1.48,3.2
2026-01-05,LinkedIn Ads,Thought Leadership,84.12,506,10,0,0.0,8.41,1.98,0.0,0.0
2026-01-05,TikTok Ads,Trend Hijack,32.3,2388,32,0,0.0,1.01,1.34,0.0,0.0
2026-01-06,Google Ads,Product Discovery,172.41,6604,186,8,971.34,0.93,2.82,5.63,4.3
2026-01-06,Meta Ads,Lookalike Audience,131.57,6855,191,4,567.23,0.69,2.79,4.31,2.09
2026-01-06,Email,Win-Back Series,18.78,398,81,4,270.39,0.23,20.35,14.4,4.94
2026-01-06,TikTok Ads,UGC Creative,63.34,3453,89,0,0.0,0.71,2.58,0.0,0.0
2026-01-07,Google Ads,Product Discovery,79.72,1929,74,3,411.39,1.08,3.84,5.16,4.05
2026-01-07,Meta Ads,Lookalike Audience,122.53,10768,124,4,329.67,0.99,1.15,2.69,3.23
2026-01-07,LinkedIn Ads,Lead Gen B2B,68.28,364,8,0,0.0,8.53,2.2,0.0,0.0
2026-01-07,Email,Promo Blast,6.0,245,58,3,366.97,0.1,23.67,61.2,5.17
2026-01-07,TikTok Ads,Product Demo,37.3,1924,61,0,0.0,0.61,3.17,0.0,0.0
2026-01-08,Google Ads,Brand Search,206.23,6389,103,5,650.1,2.0,1.61,3.15,4.85
2026-01-08,LinkedIn Ads,Job Targeting,58.38,1461,18,1,197.59,3.24,1.23,3.38,5.56
2026-01-08,Email,Promo Blast,18.36,469,78,9,1190.11,0.24,16.63,64.8,11.54
2026-01-08,TikTok Ads,Product Demo,52.09,3094,104,1,96.5,0.5,3.36,1.85,0.96
2026-01-09,Google Ads,Product Discovery,172.8,8895,188,10,1042.89,0.92,2.11,6.04,5.32
2026-01-09,Meta Ads,Retargeting Warm,156.13,2570,92,1,85.25,1.7,3.58,0.55,1.09
2026-01-09,LinkedIn Ads,Job Targeting,95.07,773,18,1,357.48,5.28,2.33,3.76,5.56
2026-01-09,TikTok Ads,Trend Hijack,70.46,6050,97,1,91.65,0.73,1.6,1.3,1.03
2026-01-10,Meta Ads,Retargeting Warm,142.02,4619,137,6,345.91,1.04,2.97,2.44,4.38
2026-01-10,Email,Newsletter Weekly,21.8,282,89,7,900.5,0.24,31.56,41.31,7.87
2026-01-11,Google Ads,Product Discovery,171.36,4829,100,4,524.56,1.71,2.07,3.06,4.0
2026-01-11,Meta Ads,Brand Awareness,65.25,1250,42,1,81.09,1.55,3.36,1.24,2.38
2026-01-11,LinkedIn Ads,Lead Gen B2B,54.45,567,7,0,0.0,7.78,1.23,0.0,0.0
2026-01-11,Email,Newsletter Weekly,20.09,233,75,7,618.19,0.27,32.19,30.78,9.33
2026-01-11,TikTok Ads,UGC Creative,49.93,2653,84,1,93.83,0.59,3.17,1.88,1.19
2026-01-12,Google Ads,Product Discovery,56.45,844,27,1,57.75,2.09,3.2,1.02,3.7
2026-01-12,Email,Promo Blast,25.1,725,201,18,954.46,0.12,27.72,38.03,8.96
2026-01-12,TikTok Ads,Product Demo,36.46,4923,107,1,64.15,0.34,2.17,1.76,0.93
2026-01-13,Google Ads,Product Discovery,180.74,5203,119,5,583.04,1.52,2.29,3.23,4.2
2026-01-13,Meta Ads,Retargeting Warm,63.51,2575,68,4,575.85,0.93,2.64,9.07,5.88
2026-01-13,LinkedIn Ads,Lead Gen B2B,33.31,490,7,0,0.0,4.76,1.43,0.0,0.0
2026-01-13,Email,Newsletter Weekly,20.13,232,79,8,857.98,0.25,34.05,42.62,10.13
2026-01-13,TikTok Ads,Product Demo,50.88,2530,73,1,67.86,0.7,2.89,1.33,1.37
2026-01-14,Meta Ads,Retargeting Warm,100.11,3788,61,2,196.95,1.64,1.61,1.97,3.28
2026-01-14,LinkedIn Ads,Job Targeting,110.77,583,14,0,0.0,7.91,2.4,0.0,0.0
2026-01-14,Email,Win-Back Series,10.38,460,73,12,1460.87,0.14,15.87,140.72,16.44
2026-01-14,TikTok Ads,UGC Creative,82.85,5275,134,2,130.94,0.62,2.54,1.58,1.49
2026-01-15,Google Ads,Competitor Keywords,127.94,5264,108,1,80.65,1.18,2.05,0.63,0.93
2026-01-15,Meta Ads,Brand Awareness,126.94,8682,89,2,225.57,1.43,1.03,1.78,2.25
2026-01-15,LinkedIn Ads,Job Targeting,105.47,567,15,0,0.0,7.03,2.65,0.0,0.0
2026-01-15,Email,Newsletter Weekly,16.27,332,95,9,374.48,0.17,28.61,23.02,9.47
2026-01-15,TikTok Ads,UGC Creative,45.36,2890,59,0,0.0,0.77,2.04,0.0,0.0
2026-01-16,Google Ads,Product Discovery,189.76,2699,99,4,438.25,1.92,3.67,2.31,4.04
2026-01-16,Meta Ads,Lookalike Audience,93.1,3011,65,2,120.78,1.43,2.16,1.3,3.08
2026-01-16,LinkedIn Ads,Thought Leadership,65.61,317,8,0,0.0,8.2,2.52,0.0,0.0
2026-01-16,Email,Win-Back Series,23.63,326,101,6,414.28,0.23,30.98,17.53,5.94
2026-01-16,TikTok Ads,Trend Hijack,35.18,1495,52,0,0.0,0.68,3.48,0.0,0.0
2026-01-17,Google Ads,Competitor Keywords,204.28,2789,93,1,49.72,2.2,3.33,0.24,1.08
2026-01-17,Meta Ads,Retargeting Warm,95.53,9894,176,3,200.32,0.54,1.78,2.1,1.7
2026-01-17,LinkedIn Ads,Thought Leadership,91.02,514,19,1,189.45,4.79,3.7,2.08,5.26
2026-01-17,Email,Newsletter Weekly,23.72,440,88,7,331.79,0.27,20.0,13.99,7.95
2026-01-18,Google Ads,Product Discovery,265.12,4036,122,3,273.72,2.17,3.02,1.03,2.46
2026-01-18,Meta Ads,Retargeting Warm,79.53,1224,45,1,41.51,1.77,3.68,0.52,2.22
2026-01-18,Email,Promo Blast,3.85,54,15,1,44.28,0.26,27.78,11.49,6.67
2026-01-18,TikTok Ads,Product Demo,21.34,980,22,0,0.0,0.97,2.24,0.0,0.0
2026-01-19,Meta Ads,Brand Awareness,96.92,3136,68,1,105.65,1.43,2.17,1.09,1.47
2026-01-19,LinkedIn Ads,Thought Leadership,60.01,310,9,0,0.0,6.67,2.9,0.0,0.0
2026-01-19,Email,Promo Blast,23.21,353,95,5,450.12,0.24,26.91,19.39,5.26
2026-01-19,TikTok Ads,Product Demo,75.41,5297,200,3,137.95,0.38,3.78,1.83,1.5
2026-01-20,Google Ads,Brand Search,201.3,10758,158,7,741.46,1.27,1.47,3.68,4.43
2026-01-20,Meta Ads,Lookalike Audience,98.72,2050,72,1,42.11,1.37,3.51,0.43,1.39
2026-01-20,LinkedIn Ads,Job Targeting,39.0,296,7,0,0.0,5.57,2.36,0.0,0.0
2026-01-20,Email,Promo Blast,13.35,385,102,7,989.41,0.13,26.49,74.13,6.86
2026-01-20,TikTok Ads,Product Demo,24.28,3303,75,0,0.0,0.32,2.27,0.0,0.0
2026-01-21,Google Ads,Competitor Keywords,203.63,4876,175,2,242.23,1.16,3.59,1.19,1.14
2026-01-21,Meta Ads,Brand Awareness,52.53,4185,69,2,212.67,0.76,1.65,4.05,2.9
2026-01-21,LinkedIn Ads,Job Targeting,109.98,1645,33,1,368.22,3.33,2.01,3.35,3.03
2026-01-21,Email,Promo Blast,26.48,995,226,12,758.25,0.12,22.71,28.63,5.31
2026-01-21,TikTok Ads,Trend Hijack,37.92,6788,102,0,0.0,0.37,1.5,0.0,0.0
2026-01-22,Google Ads,Product Discovery,234.82,9114,173,6,325.59,1.36,1.9,1.39,3.47
2026-01-22,Meta Ads,Retargeting Warm,84.52,2394,94,2,250.9,0.9,3.93,2.97,2.13
2026-01-22,Email,Win-Back Series,5.92,75,22,4,370.54,0.27,29.33,62.64,18.18
2026-01-22,TikTok Ads,Trend Hijack,40.64,8799,134,2,296.53,0.3,1.52,7.3,1.49
2026-01-23,Google Ads,Product Discovery,68.76,1894,45,2,206.34,1.53,2.38,3.0,4.44
2026-01-23,Meta Ads,Retargeting Warm,155.71,6541,171,6,827.08,0.91,2.61,5.31,3.51
2026-01-23,LinkedIn Ads,Job Targeting,75.89,471,14,0,0.0,5.42,2.97,0.0,0.0
2026-01-23,Email,Newsletter Weekly,24.56,626,135,11,1362.56,0.18,21.57,55.47,8.15
2026-01-24,Google Ads,Brand Search,239.2,4456,143,6,813.94,1.67,3.21,3.4,4.2
2026-01-24,Meta Ads,Brand Awareness,165.53,6147,113,2,268.03,1.46,1.84,1.62,1.77
2026-01-24,LinkedIn Ads,Job Targeting,43.96,316,11,0,0.0,4.0,3.48,0.0,0.0
2026-01-24,Email,Promo Blast,7.0,129,40,3,148.72,0.18,31.01,21.24,7.5
2026-01-24,TikTok Ads,Product Demo,57.11,2673,106,0,0.0,0.54,3.97,0.0,0.0
2026-01-25,Google Ads,Product Discovery,187.92,3135,90,4,183.55,2.09,2.87,0.98,4.44
2026-01-25,Meta Ads,Retargeting Warm,56.29,2483,51,1,141.28,1.1,2.05,2.51,1.96
2026-01-25,Email,Win-Back Series,9.33,135,33,2,113.99,0.28,24.44,12.21,6.06
2026-01-25,TikTok Ads,Trend Hijack,53.31,1760,67,0,0.0,0.8,3.81,0.0,0.0
2026-01-26,Google Ads,Competitor Keywords,101.8,2883,73,3,288.25,1.39,2.53,2.83,4.11
2026-01-26,Meta Ads,Brand Awareness,122.69,3989,142,5,748.02,0.86,3.56,6.1,3.52
2026-01-26,LinkedIn Ads,Job Targeting,68.15,1392,16,1,130.69,4.26,1.15,1.92,6.25
2026-01-26,Email,Win-Back Series,7.75,141,44,3,161.41,0.18,31.21,20.83,6.82
2026-01-26,TikTok Ads,Trend Hijack,63.68,2402,91,0,0.0,0.7,3.79,0.0,0.0
2026-01-27,Google Ads,Competitor Keywords,75.61,2615,59,2,144.63,1.28,2.26,1.91,3.39
2026-01-27,LinkedIn Ads,Job Targeting,85.2,665,13,0,0.0,6.55,1.95,0.0,0.0
2026-01-27,Email,Promo Blast,10.3,189,65,3,356.3,0.16,34.39,34.6,4.62
2026-01-27,TikTok Ads,Product Demo,48.45,3052,56,0,0.0,0.87,1.83,0.0,0.0
2026-01-28,Google Ads,Competitor Keywords,132.92,1549,59,2,284.3,2.25,3.81,2.14,3.39
2026-01-28,Email,Win-Back Series,7.19,100,24,4,367.22,0.3,24.0,51.1,16.67
2026-01-28,TikTok Ads,Trend Hijack,61.79,8161,125,0,0.0,0.49,1.53,0.0,0.0
2026-01-29,Google Ads,Product Discovery,103.59,2372,53,2,274.61,1.95,2.23,2.65,3.77
2026-01-29,Meta Ads,Brand Awareness,76.31,6433,85,2,240.54,0.9,1.32,3.15,2.35
2026-01-29,LinkedIn Ads,Lead Gen B2B,66.15,661,9,0,0.0,7.35,1.36,0.0,0.0
2026-01-29,Email,Win-Back Series,26.77,707,210,19,1575.35,0.13,29.7,58.84,9.05
2026-01-29,TikTok Ads,Product Demo,42.67,1747,52,0,0.0,0.82,2.98,0.0,0.0
2026-01-30,Google Ads,Product Discovery,212.73,5257,141,8,392.81,1.51,2.68,1.85,5.67
2026-01-30,Meta Ads,Retargeting Warm,48.82,3885,81,1,64.89,0.6,2.08,1.33,1.23
2026-01-30,LinkedIn Ads,Thought Leadership,98.58,1041,31,1,128.4,3.18,2.98,1.3,3.23
2026-01-30,Email,Win-Back Series,21.83,511,102,8,347.97,0.21,19.96,15.94,7.84
2026-01-30,TikTok Ads,Product Demo,30.09,7210,78,1,64.01,0.39,1.08,2.13,1.28
2026-01-31,Google Ads,Brand Search,112.64,3032,63,3,390.83,1.79,2.08,3.47,4.76
2026-01-31,Meta Ads,Retargeting Warm,146.15,17916,207,12,1581.66,0.71,1.16,10.82,5.8
2026-01-31,LinkedIn Ads,Lead Gen B2B,109.3,1213,26,1,326.5,4.2,2.14,2.99,3.85
2026-01-31,Email,Newsletter Weekly,10.26,469,72,7,338.96,0.14,15.35,33.05,9.72
2026-01-31,TikTok Ads,Trend Hijack,23.06,1619,36,0,0.0,0.64,2.22,0.0,0.0
2026-02-01,Google Ads,Competitor Keywords,350.36,17235,296,13,582.98,1.18,1.72,1.66,4.39
2026-02-01,Meta Ads,Brand Awareness,120.93,4480,99,3,388.84,1.22,2.21,3.22,3.03
2026-02-01,LinkedIn Ads,Lead Gen B2B,164.89,900,21,1,246.21,7.85,2.33,1.49,4.76
2026-02-01,Email,Newsletter Weekly,7.45,220,41,2,262.01,0.18,18.64,35.15,4.88
2026-02-02,Google Ads,Brand Search,307.24,16333,319,18,1239.44,0.96,1.95,4.03,5.64
2026-02-02,Meta Ads,Lookalike Audience,227.24,3520,132,4,437.12,1.72,3.75,1.92,3.03
2026-02-02,LinkedIn Ads,Thought Leadership,77.22,717,24,1,222.07,3.22,3.35,2.88,4.17
2026-02-02,Email,Win-Back Series,34.15,514,164,26,3657.07,0.21,31.91,107.08,15.85
2026-02-02,TikTok Ads,Trend Hijack,52.46,4168,76,0,0.0,0.69,1.82,0.0,0.0
2026-02-03,Google Ads,Competitor Keywords,82.04,846,33,1,78.04,2.49,3.9,0.95,3.03
2026-02-03,Meta Ads,Lookalike Audience,138.11,9549,205,6,539.91,0.67,2.15,3.91,2.93
2026-02-03,LinkedIn Ads,Lead Gen B2B,120.53,620,19,0,0.0,6.34,3.06,0.0,0.0
2026-02-03,Email,Win-Back Series,36.05,781,195,22,1195.81,0.18,24.97,33.17,11.28
2026-02-03,TikTok Ads,Product Demo,98.16,8384,105,1,51.03,0.93,1.25,0.52,0.95
2026-02-04,Meta Ads,Lookalike Audience,65.36,2320,81,3,220.52,0.81,3.49,3.37,3.7
2026-02-04,LinkedIn Ads,Thought Leadership,160.26,885,20,0,0.0,8.01,2.26,0.0,0.0
2026-02-04,Email,Promo Blast,35.03,418,142,14,1043.11,0.25,33.97,29.78,9.86
2026-02-04,TikTok Ads,Trend Hijack,82.95,3646,143,0,0.0,0.58,3.92,0.0,0.0
2026-02-05,Google Ads,Product Discovery,122.23,4610,73,2,170.31,1.67,1.58,1.39,2.74
2026-02-05,Meta Ads,Brand Awareness,94.86,3447,119,4,201.96,0.8,3.45,2.13,3.36
2026-02-05,LinkedIn Ads,Lead Gen B2B,123.97,1467,27,1,282.27,4.59,1.84,2.28,3.7
2026-02-05,Email,Newsletter Weekly,20.47,532,122,10,577.5,0.17,22.93,28.21,8.2
2026-02-05,TikTok Ads,UGC Creative,98.41,16646,241,2,159.44,0.41,1.45,1.62,0.83
2026-02-06,Google Ads,Competitor Keywords,98.14,5239,114,1,110.57,0.86,2.18,1.13,0.88
2026-02-06,Meta Ads,Lookalike Audience,117.46,9441,129,2,222.58,0.91,1.37,1.89,1.55
2026-02-06,LinkedIn Ads,Job Targeting,153.91,691,24,1,142.99,6.41,3.47,0.93,4.17
2026-02-06,Email,Newsletter Weekly,7.87,209,73,3,266.69,0.11,34.93,33.88,4.11
2026-02-06,TikTok Ads,Product Demo,45.22,2496,82,1,110.17,0.55,3.29,2.44,1.22
2026-02-07,Google Ads,Competitor Keywords,219.0,4901,140,6,665.61,1.56,2.86,3.04,4.29
2026-02-07,LinkedIn Ads,Lead Gen B2B,49.38,498,14,0,0.0,3.53,2.81,0.0,0.0
2026-02-07,Email,Win-Back Series,39.72,1301,250,51,6895.8,0.16,19.22,173.62,20.4
2026-02-08,Meta Ads,Brand Awareness,242.76,24668,359,13,1869.82,0.68,1.46,7.7,3.62
2026-02-08,LinkedIn Ads,Thought Leadership,116.3,1203,22,1,162.22,5.29,1.83,1.39,4.55
2026-02-08,Email,Newsletter Weekly,26.89,552,107,5,272.04,0.25,19.38,10.12,4.67
2026-02-08,TikTok Ads,Trend Hijack,34.05,2025,41,0,0.0,0.83,2.02,0.0,0.0
2026-02-09,Google Ads,Brand Search,279.27,3630,128,5,627.6,2.18,3.53,2.25,3.91
2026-02-09,Meta Ads,Lookalike Audience,109.19,2053,80,1,137.94,1.36,3.9,1.26,1.25
2026-02-09,LinkedIn Ads,Lead Gen B2B,33.7,265,7,0,0.0,4.81,2.64,0.0,0.0
2026-02-09,Email,Promo Blast,19.23,508,149,10,978.02,0.13,29.33,50.86,6.71
2026-02-09,TikTok Ads,UGC Creative,57.71,2285,65,0,0.0,0.89,2.84,0.0,0.0
2026-02-10,Google Ads,Product Discovery,375.77,20024,277,11,491.39,1.36,1.38,1.31,3.97
2026-02-10,Meta Ads,Retargeting Warm,183.01,7346,149,6,788.8,1.23,2.03,4.31,4.03
2026-02-10,LinkedIn Ads,Thought Leadership,77.74,340,10,0,0.0,7.77,2.94,0.0,0.0
2026-02-10,Email,Newsletter Weekly,29.92,866,174,8,795.46,0.17,20.09,26.58,4.6
2026-02-10,TikTok Ads,Product Demo,104.12,4211,112,1,82.24,0.93,2.66,0.79,0.89
2026-02-11,Google Ads,Brand Search,204.39,13152,169,6,303.79,1.21,1.28,1.49,3.55
2026-02-11,Meta Ads,Brand Awareness,245.36,18923,239,5,690.23,1.03,1.26,2.81,2.09
2026-02-11,LinkedIn Ads,Job Targeting,79.04,769,17,1,287.6,4.65,2.21,3.64,5.88
2026-02-11,Email,Win-Back Series,17.76,250,71,4,272.97,0.25,28.4,15.37,5.63
2026-02-11,TikTok Ads,Product Demo,75.0,3219,92,0,0.0,0.82,2.86,0.0,0.0
2026-02-12,Google Ads,Product Discovery,277.47,7741,123,4,583.93,2.26,1.59,2.1,3.25
2026-02-12,LinkedIn Ads,Job Targeting,71.68,338,10,0,0.0,7.17,2.96,0.0,0.0
2026-02-12,Email,Win-Back Series,13.18,181,57,3,347.47,0.23,31.49,26.36,5.26
2026-02-12,TikTok Ads,Trend Hijack,88.77,5520,217,0,0.0,0.41,3.93,0.0,0.0
2026-02-13,Meta Ads,Retargeting Warm,190.09,6262,126,4,482.25,1.51,2.01,2.54,3.17
2026-02-13,LinkedIn Ads,Lead Gen B2B,144.98,1103,22,1,208.88,6.59,1.99,1.44,4.55
2026-02-13,Email,Promo Blast,15.75,346,90,9,674.8,0.18,26.01,42.84,10.0
2026-02-13,TikTok Ads,UGC Creative,64.01,9217,186,2,115.62,0.34,2.02,1.81,1.08
2026-02-14,Google Ads,Brand Search,114.03,2981,114,6,538.38,1.0,3.82,4.72,5.26
2026-02-14,Meta Ads,Lookalike Audience,127.45,3998,93,3,140.28,1.37,2.33,1.1,3.23
2026-02-14,LinkedIn Ads,Thought Leadership,139.57,2322,37,1,172.18,3.77,1.59,1.23,2.7
2026-02-14,Email,Promo Blast,19.05,644,113,8,463.14,0.17,17.55,24.31,7.08
2026-02-14,TikTok Ads,Product Demo,92.84,18296,206,2,101.69,0.45,1.13,1.1,0.97
2026-02-15,Meta Ads,Lookalike Audience,155.99,4031,112,2,117.86,1.39,2.78,0.76,1.79
2026-02-15,LinkedIn Ads,Job Targeting,52.72,358,10,0,0.0,5.27,2.79,0.0,0.0
2026-02-15,Email,Win-Back Series,22.59,755,161,16,1273.24,0.14,21.32,56.37,9.94
2026-02-15,TikTok Ads,Product Demo,114.68,8164,296,5,297.43,0.39,3.63,2.59,1.69
2026-02-16,Google Ads,Competitor Keywords,230.25,3787,151,4,225.62,1.52,3.99,0.98,2.65
2026-02-16,Meta Ads,Lookalike Audience,54.41,2383,30,1,70.84,1.81,1.26,1.3,3.33
2026-02-16,Email,Win-Back Series,18.33,611,165,37,2360.47,0.11,27.0,128.75,22.42
2026-02-16,TikTok Ads,Product Demo,47.72,4880,78,0,0.0,0.61,1.6,0.0,0.0
2026-02-17,Meta Ads,Brand Awareness,176.29,4149,116,3,436.12,1.52,2.8,2.47,2.59
2026-02-17,LinkedIn Ads,Job Targeting,123.85,1350,21,0,0.0,5.9,1.56,0.0,0.0
2026-02-17,Email,Win-Back Series,12.94,331,55,8,482.32,0.24,16.62,37.28,14.55
2026-02-17,TikTok Ads,Product Demo,83.82,4124,147,2,274.38,0.57,3.56,3.27,1.36
2026-02-18,Google Ads,Competitor Keywords,126.5,6407,76,2,204.52,1.66,1.19,1.62,2.63
2026-02-18,Meta Ads,Lookalike Audience,241.96,33152,429,8,483.04,0.56,1.29,2.0,1.86
2026-02-18,LinkedIn Ads,Lead Gen B2B,97.68,722,20,1,224.18,4.88,2.77,2.3,5.0
2026-02-18,Email,Newsletter Weekly,9.44,295,75,5,396.98,0.13,25.42,42.04,6.67
2026-02-18,TikTok Ads,Product Demo,95.59,7584,287,2,142.9,0.33,3.78,1.49,0.7
2026-02-19,Google Ads,Product Discovery,294.54,6943,155,6,514.19,1.9,2.23,1.75,3.87
2026-02-19,LinkedIn Ads,Thought Leadership,178.28,1409,55,3,1094.61,3.24,3.9,6.14,5.45
2026-02-19,TikTok Ads,UGC Creative,38.73,2682,91,1,100.16,0.43,3.39,2.59,1.1
2026-02-20,Google Ads,Product Discovery,330.12,7387,213,10,1328.13,1.55,2.88,4.02,4.69
2026-02-20,Meta Ads,Lookalike Audience,224.86,8482,142,3,255.19,1.58,1.67,1.13,2.11
2026-02-20,LinkedIn Ads,Job Targeting,32.5,233,8,0,0.0,4.06,3.43,0.0,0.0
2026-02-20,Email,Win-Back Series,7.38,158,54,6,543.37,0.14,34.18,73.64,11.11
2026-02-20,TikTok Ads,Trend Hijack,76.77,5406,76,1,54.63,1.01,1.41,0.71,1.32
2026-02-21,Google Ads,Product Discovery,262.97,12294,170,7,552.87,1.55,1.38,2.1,4.12
2026-02-21,Meta Ads,Brand Awareness,146.76,6752,140,4,413.26,1.05,2.07,2.82,2.86
2026-02-21,LinkedIn Ads,Lead Gen B2B,59.82,776,13,0,0.0,4.6,1.68,0.0,0.0
2026-02-21,Email,Win-Back Series,32.31,746,151,14,1786.22,0.21,20.24,55.29,9.27
2026-02-21,TikTok Ads,UGC Creative,73.94,10538,188,2,211.85,0.39,1.78,2.87,1.06
2026-02-22,Google Ads,Brand Search,182.09,3222,120,4,200.18,1.52,3.72,1.1,3.33
2026-02-22,Meta Ads,Lookalike Audience,238.29,13540,327,7,761.78,0.73,2.42,3.2,2.14
2026-02-22,LinkedIn Ads,Lead Gen B2B,48.81,375,11,0,0.0,4.44,2.93,0.0,0.0
2026-02-22,TikTok Ads,Trend Hijack,86.43,3492,99,0,0.0,0.87,2.84,0.0,0.0
2026-02-23,Google Ads,Product Discovery,203.11,4708,131,6,284.47,1.55,2.78,1.4,4.58
2026-02-23,Meta Ads,Brand Awareness,67.56,3641,93,2,142.32,0.73,2.55,2.11,2.15
2026-02-23,LinkedIn Ads,Lead Gen B2B,120.73,668,24,1,180.72,5.03,3.59,1.5,4.17
2026-02-23,Email,Win-Back Series,10.38,153,37,3,344.09,0.28,24.18,33.14,8.11
2026-02-23,TikTok Ads,Trend Hijack,96.23,15370,215,3,138.85,0.45,1.4,1.44,1.4
2026-02-24,LinkedIn Ads,Thought Leadership,158.87,925,28,1,308.46,5.67,3.03,1.94,3.57
2026-02-24,Email,Promo Blast,28.82,364,100,10,492.1,0.29,27.47,17.08,10.0
2026-02-24,TikTok Ads,Trend Hijack,100.37,3902,120,2,108.76,0.84,3.08,1.08,1.67
2026-02-25,Google Ads,Brand Search,217.02,3618,115,4,224.78,1.89,3.18,1.04,3.48
2026-02-25,Meta Ads,Retargeting Warm,96.44,5145,93,2,280.04,1.04,1.81,2.9,2.15
2026-02-25,LinkedIn Ads,Lead Gen B2B,78.56,769,11,0,0.0,7.14,1.43,0.0,0.0
2026-02-25,TikTok Ads,Product Demo,54.07,4971,62,0,0.0,0.87,1.25,0.0,0.0
2026-02-26,Google Ads,Brand Search,354.78,4766,157,5,579.68,2.26,3.29,1.63,3.18
2026-02-26,Meta Ads,Retargeting Warm,115.63,6715,202,9,662.99,0.57,3.01,5.73,4.46
2026-02-26,Email,Newsletter Weekly,9.81,152,33,3,368.1,0.3,21.71,37.54,9.09
2026-02-26,TikTok Ads,Trend Hijack,107.27,8763,273,4,271.02,0.39,3.12,2.53,1.47
2026-02-27,Google Ads,Competitor Keywords,178.29,2011,78,0,0.0,2.29,3.88,0.0,0.0
2026-02-27,Meta Ads,Lookalike Audience,159.78,6769,214,6,638.85,0.75,3.16,4.0,2.8
2026-02-27,LinkedIn Ads,Lead Gen B2B,177.19,605,23,1,228.92,7.7,3.8,1.29,4.35
2026-02-27,Email,Newsletter Weekly,17.7,216,64,3,254.57,0.28,29.63,14.38,4.69
2026-02-27,TikTok Ads,Product Demo,36.38,1839,66,0,0.0,0.55,3.59,0.0,0.0
2026-02-28,Google Ads,Brand Search,175.45,3762,82,2,82.36,2.14,2.18,0.47,2.44
2026-02-28,Meta Ads,Retargeting Warm,61.23,2826,73,3,272.66,0.84,2.58,4.45,4.11
2026-02-28,TikTok Ads,Trend Hijack,118.45,20408,249,3,257.0,0.48,1.22,2.17,1.2
2026-03-01,Google Ads,Brand Search,341.64,4129,147,7,385.77,2.32,3.56,1.13,4.76
2026-03-01,Meta Ads,Brand Awareness,200.42,8713,171,5,747.65,1.17,1.96,3.73,2.92
2026-03-01,LinkedIn Ads,Job Targeting,38.21,398,9,0,0.0,4.25,2.26,0.0,0.0
2026-03-01,Email,Promo Blast,30.98,1327,231,12,1435.72,0.13,17.41,46.34,5.19
2026-03-01,TikTok Ads,UGC Creative,93.5,10483,181,1,121.84,0.52,1.73,1.3,0.55
2026-03-02,Google Ads,Competitor Keywords,115.39,3364,134,1,60.89,0.86,3.98,0.53,0.75
2026-03-02,LinkedIn Ads,Thought Leadership,97.83,457,14,1,341.3,6.99,3.06,3.49,7.14
2026-03-02,Email,Promo Blast,5.35,82,20,2,186.31,0.27,24.39,34.84,10.0
2026-03-02,TikTok Ads,Trend Hijack,52.37,1936,77,0,0.0,0.68,3.98,0.0,0.0
2026-03-03,Google Ads,Product Discovery,184.28,5565,76,2,278.91,2.42,1.37,1.51,2.63
2026-03-03,LinkedIn Ads,Thought Leadership,66.17,1245,15,0,0.0,4.41,1.2,0.0,0.0
2026-03-03,Email,Win-Back Series,17.71,272,94,10,990.75,0.19,34.56,55.93,10.64
2026-03-03,TikTok Ads,Trend Hijack,35.42,3642,69,0,0.0,0.51,1.89,0.0,0.0
2026-03-04,Meta Ads,Brand Awareness,115.26,6640,218,4,540.45,0.53,3.28,4.69,1.83
2026-03-04,Email,Newsletter Weekly,13.64,272,50,5,207.28,0.27,18.38,15.19,10.0
2026-03-04,TikTok Ads,UGC Creative,105.28,15434,161,2,295.77,0.65,1.04,2.81,1.24
2026-03-05,Google Ads,Product Discovery,361.09,4565,149,6,630.87,2.42,3.26,1.75,4.03
2026-03-05,Meta Ads,Lookalike Audience,112.06,2861,97,3,333.03,1.16,3.39,2.97,3.09
2026-03-05,LinkedIn Ads,Lead Gen B2B,90.22,722,12,0,0.0,7.52,1.66,0.0,0.0
2026-03-05,Email,Win-Back Series,38.38,1418,225,28,4039.16,0.17,15.87,105.25,12.44
2026-03-06,Google Ads,Brand Search,242.61,5342,130,5,622.38,1.87,2.43,2.57,3.85
2026-03-06,Meta Ads,Retargeting Warm,79.2,1225,46,1,128.91,1.72,3.76,1.63,2.17
2026-03-06,Email,Promo Blast,28.5,361,99,10,1157.69,0.29,27.42,40.62,10.1
2026-03-06,TikTok Ads,UGC Creative,68.34,2320,69,1,142.63,0.99,2.97,2.09,1.45
2026-03-07,Google Ads,Product Discovery,322.98,10129,160,7,643.84,2.02,1.58,1.99,4.38
2026-03-07,Meta Ads,Lookalike Audience,226.74,7831,239,4,463.62,0.95,3.05,2.04,1.67
2026-03-07,LinkedIn Ads,Thought Leadership,138.79,2220,28,1,250.01,4.96,1.26,1.8,3.57
2026-03-07,Email,Newsletter Weekly,8.14,185,28,2,107.11,0.29,15.14,13.16,7.14
2026-03-07,TikTok Ads,UGC Creative,40.03,2076,57,0,0.0,0.7,2.75,0.0,0.0
2026-03-08,Google Ads,Brand Search,257.28,9455,150,5,704.07,1.72,1.59,2.74,3.33
2026-03-08,Meta Ads,Retargeting Warm,228.05,34700,351,10,1036.86,0.65,1.01,4.55,2.85
2026-03-08,Email,Win-Back Series,21.28,488,146,16,1242.15,0.15,29.92,58.38,10.96
2026-03-08,TikTok Ads,Trend Hijack,104.64,6423,241,1,87.39,0.43,3.75,0.84,0.41
2026-03-09,Google Ads,Product Discovery,218.78,4641,97,5,717.55,2.26,2.09,3.28,5.15
2026-03-09,Meta Ads,Lookalike Audience,158.92,8873,287,8,337.62,0.55,3.23,2.12,2.79
2026-03-09,Email,Newsletter Weekly,21.25,382,94,9,576.93,0.23,24.61,27.15,9.57
2026-03-10,Google Ads,Brand Search,319.55,11953,197,11,1305.3,1.62,1.65,4.08,5.58
2026-03-10,Meta Ads,Lookalike Audience,211.12,6098,237,7,756.08,0.89,3.89,3.58,2.95
2026-03-10,LinkedIn Ads,Thought Leadership,106.65,1722,20,0,0.0,5.33,1.16,0.0,0.0
2026-03-10,Email,Newsletter Weekly,34.37,902,163,16,1696.44,0.21,18.07,49.36,9.82
2026-03-10,TikTok Ads,Trend Hijack,107.0,9334,180,3,284.09,0.59,1.93,2.66,1.67
2026-03-11,Google Ads,Competitor Keywords,184.91,3008,84,3,402.0,2.2,2.79,2.17,3.57
2026-03-11,Meta Ads,Brand Awareness,220.28,17454,361,12,841.84,0.61,2.07,3.82,3.32
2026-03-11,LinkedIn Ads,Lead Gen B2B,135.99,791,23,1,158.23,5.91,2.91,1.16,4.35
2026-03-11,TikTok Ads,Product Demo,93.39,3047,98,1,69.16,0.95,3.22,0.74,1.02
2026-03-12,Google Ads,Competitor Keywords,248.83,17264,200,3,219.92,1.24,1.16,0.88,1.5
2026-03-12,Meta Ads,Brand Awareness,170.12,11078,237,7,1026.76,0.72,2.14,6.04,2.95
2026-03-12,LinkedIn Ads,Thought Leadership,48.21,451,7,0,0.0,6.89,1.55,0.0,0.0
2026-03-12,TikTok Ads,Trend Hijack,77.58,5668,145,1,60.44,0.54,2.56,0.78,0.69
2026-03-13,Meta Ads,Lookalike Audience,221.2,4362,149,3,143.01,1.48,3.42,0.65,2.01
2026-03-13,LinkedIn Ads,Job Targeting,105.36,685,22,0,0.0,4.79,3.21,0.0,0.0
2026-03-13,Email,Win-Back Series,6.43,211,58,6,684.02,0.11,27.49,106.34,10.34
2026-03-13,TikTok Ads,Trend Hijack,85.28,7467,183,0,0.0,0.47,2.45,0.0,0.0
2026-03-14,Google Ads,Competitor Keywords,142.39,2570,85,2,106.23,1.68,3.31,0.75,2.35
2026-03-14,Email,Newsletter Weekly,30.17,422,143,9,459.56,0.21,33.89,15.23,6.29
2026-03-14,TikTok Ads,Product Demo,107.47,6686,198,2,215.79,0.54,2.96,2.01,1.01
2026-03-15,Google Ads,Brand Search,111.84,1359,53,3,405.47,2.11,3.9,3.63,5.66
2026-03-15,Meta Ads,Retargeting Warm,107.04,3422,81,2,142.02,1.32,2.37,1.33,2.47
2026-03-15,LinkedIn Ads,Thought Leadership,38.43,187,7,0,0.0,5.49,3.74,0.0,0.0
2026-03-15,Email,Newsletter Weekly,12.71,363,62,6,838.11,0.21,17.08,65.93,9.68
2026-03-15,TikTok Ads,Trend Hijack,63.93,7101,88,1,103.32,0.73,1.24,1.62,1.14
2026-03-16,Meta Ads,Retargeting Warm,131.28,2681,79,3,163.33,1.66,2.95,1.24,3.8
2026-03-16,LinkedIn Ads,Thought Leadership,101.45,679,15,0,0.0,6.76,2.21,0.0,0.0
2026-03-16,Email,Promo Blast,21.6,541,148,7,531.15,0.15,27.36,24.6,4.73
2026-03-16,TikTok Ads,UGC Creative,69.85,4820,78,1,77.61,0.9,1.62,1.11,1.28
2026-03-17,Google Ads,Product Discovery,86.72,4320,101,5,686.88,0.86,2.34,7.92,4.95
2026-03-17,LinkedIn Ads,Thought Leadership,125.18,1468,20,1,151.41,6.26,1.36,1.21,5.0
2026-03-17,Email,Newsletter Weekly,28.68,491,166,11,841.93,0.17,33.81,29.35,6.63
2026-03-17,TikTok Ads,UGC Creative,113.65,7542,256,4,188.07,0.44,3.39,1.65,1.56
2026-03-18,Google Ads,Product Discovery,145.12,1571,59,1,77.27,2.46,3.76,0.53,1.69
2026-03-18,Meta Ads,Lookalike Audience,210.37,5459,197,4,576.98,1.07,3.61,2.74,2.03
2026-03-18,LinkedIn Ads,Job Targeting,71.1,445,11,0,0.0,6.46,2.47,0.0,0.0
2026-03-18,Email,Newsletter Weekly,15.12,304,86,5,724.67,0.18,28.29,47.92,5.81
2026-03-18,TikTok Ads,Trend Hijack,109.59,9629,269,4,468.48,0.41,2.79,4.27,1.49
2026-03-19,Google Ads,Product Discovery,162.05,4809,67,3,287.62,2.42,1.39,1.77,4.48
2026-03-19,Meta Ads,Brand Awareness,152.9,3915,94,2,197.95,1.63,2.4,1.29,2.13
2026-03-19,LinkedIn Ads,Job Targeting,98.53,834,18,1,291.72,5.47,2.16,2.96,5.56
2026-03-19,TikTok Ads,Product Demo,68.42,16586,181,3,408.42,0.38,1.09,5.97,1.66
2026-03-20,Google Ads,Competitor Keywords,258.46,7380,289,3,274.9,0.89,3.92,1.06,1.04
2026-03-20,Meta Ads,Lookalike Audience,173.01,9332,237,8,1176.47,0.73,2.54,6.8,3.38
2026-03-20,LinkedIn Ads,Lead Gen B2B,54.93,287,11,0,0.0,4.99,3.83,0.0,0.0
2026-03-20,Email,Newsletter Weekly,6.84,174,35,2,235.24,0.2,20.11,34.41,5.71
2026-03-20,TikTok Ads,UGC Creative,94.84,12235,190,1,42.4,0.5,1.55,0.45,0.53
2026-03-21,Google Ads,Brand Search,140.41,2442,93,4,287.71,1.51,3.81,2.05,4.3
2026-03-21,Meta Ads,Retargeting Warm,202.38,5264,121,3,248.44,1.67,2.3,1.23,2.48
2026-03-21,LinkedIn Ads,Lead Gen B2B,147.78,703,27,1,356.02,5.47,3.84,2.41,3.7
2026-03-21,TikTok Ads,UGC Creative,116.3,10585,290,3,212.07,0.4,2.74,1.82,1.03
2026-03-22,Google Ads,Brand Search,268.04,5604,122,5,601.5,2.2,2.18,2.24,4.1
2026-03-22,Meta Ads,Retargeting Warm,101.76,8803,111,2,287.84,0.92,1.26,2.83,1.8
2026-03-22,LinkedIn Ads,Lead Gen B2B,82.08,382,11,0,0.0,7.46,2.88,0.0,0.0
2026-03-22,Email,Promo Blast,38.63,1216,186,12,1073.93,0.21,15.3,27.8,6.45
2026-03-22,TikTok Ads,UGC Creative,49.18,1396,54,0,0.0,0.91,3.87,0.0,0.0
2026-03-23,TikTok Ads,UGC Creative,50.45,2398,74,1,148.93,0.68,3.09,2.95,1.35
2026-03-24,Google Ads,Brand Search,352.59,15466,161,9,388.65,2.19,1.04,1.1,5.59
2026-03-24,Meta Ads,Retargeting Warm,152.77,4915,99,6,735.39,1.54,2.01,4.81,6.06
2026-03-24,LinkedIn Ads,Job Targeting,31.36,197,5,0,0.0,6.27,2.54,0.0,0.0
2026-03-24,Email,Promo Blast,27.9,507,101,8,1134.73,0.28,19.92,40.67,7.92
2026-03-24,TikTok Ads,Trend Hijack,41.83,3134,86,0,0.0,0.49,2.74,0.0,0.0
2026-03-25,Google Ads,Competitor Keywords,191.38,2102,82,3,293.61,2.33,3.9,1.53,3.66
2026-03-25,Meta Ads,Brand Awareness,73.91,6973,92,3,165.86,0.8,1.32,2.24,3.26
2026-03-25,LinkedIn Ads,Job Targeting,103.65,1395,22,1,368.1,4.71,1.58,3.55,4.55
2026-03-25,Email,Promo Blast,23.29,331,102,7,282.09,0.23,30.82,12.11,6.86
2026-03-25,TikTok Ads,Product Demo,37.97,4109,49,0,0.0,0.77,1.19,0.0,0.0
2026-03-26,Google Ads,Product Discovery,89.71,1679,40,1,54.72,2.24,2.38,0.61,2.5
2026-03-26,Meta Ads,Brand Awareness,63.79,3372,56,1,136.55,1.14,1.66,2.14,1.79
2026-03-26,Email,Promo Blast,31.61,851,129,11,608.58,0.25,15.16,19.25,8.53
2026-03-26,TikTok Ads,Product Demo,67.65,5759,110,1,79.45,0.62,1.91,1.17,0.91
2026-03-27,Google Ads,Brand Search,328.87,4102,145,5,577.98,2.27,3.53,1.76,3.45
2026-03-27,Meta Ads,Brand Awareness,177.13,2940,98,2,118.73,1.81,3.33,0.67,2.04
2026-03-27,LinkedIn Ads,Thought Leadership,75.61,531,10,0,0.0,7.56,1.88,0.0,0.0
2026-03-27,Email,Win-Back Series,6.84,212,56,4,334.59,0.12,26.42,48.92,7.14
2026-03-27,TikTok Ads,UGC Creative,30.19,2426,62,1,59.16,0.49,2.56,1.96,1.61
2026-03-28,Google Ads,Competitor Keywords,222.28,11159,262,10,537.07,0.85,2.35,2.42,3.82
2026-03-28,Meta Ads,Lookalike Audience,101.62,6572,92,3,406.34,1.1,1.4,4.0,3.26
2026-03-28,LinkedIn Ads,Job Targeting,123.17,729,27,1,220.63,4.56,3.7,1.79,3.7
2026-03-28,TikTok Ads,UGC Creative,88.18,5490,142,1,110.29,0.62,2.59,1.25,0.7
2026-03-29,Meta Ads,Brand Awareness,109.31,5618,129,5,321.18,0.85,2.3,2.94,3.88
2026-03-29,Email,Promo Blast,35.7,710,173,9,1003.06,0.21,24.37,28.1,5.2
2026-03-29,TikTok Ads,UGC Creative,96.81,6624,129,1,64.18,0.75,1.95,0.66,0.78
2026-03-30,Google Ads,Product Discovery,163.22,2925,112,5,659.24,1.46,3.83,4.04,4.46
2026-03-30,Meta Ads,Brand Awareness,164.43,2685,96,2,176.09,1.71,3.58,1.07,2.08
2026-03-30,LinkedIn Ads,Lead Gen B2B,169.6,1747,54,3,990.01,3.14,3.09,5.84,5.56
2026-03-30,Email,Promo Blast,5.76,167,48,5,482.82,0.12,28.74,83.86,10.42
2026-03-30,TikTok Ads,Product Demo,99.11,4303,119,1,50.67,0.83,2.77,0.51,0.84
2026-03-31,Meta Ads,Lookalike Audience,61.02,2368,57,2,221.04,1.07,2.41,3.62,3.51
2026-03-31,LinkedIn Ads,Thought Leadership,169.72,962,36,2,564.0,4.71,3.74,3.32,5.56
2026-03-31,Email,Newsletter Weekly,28.18,564,115,8,430.22,0.25,20.39,15.27,6.96
2026-03-31,TikTok Ads,UGC Creative,31.07,2478,78,1,148.14,0.4,3.15,4.77,1.28
